text,rating,date,source
"Das Produkt ist fantastisch! Ich bin sehr zufrieden mit der Qualität und dem Preis. Würde es definitiv weiterempfehlen.",5,2025-01-15,Online-Shop
"Gute Qualität, aber etwas teuer für das, was man bekommt. Ansonsten bin ich zufrieden mit dem Kauf.",4,2025-01-16,Online-Shop
"Durchschnittliches Produkt, nichts Besonderes. Erfüllt seinen Zweck, aber es gibt bessere Alternativen auf dem Markt.",3,2025-01-17,Online-Shop
"Leider bin ich nicht sehr zufrieden. Die Qualität ist nicht so gut wie erwartet und der Kundenservice war auch nicht hilfreich.",2,2025-01-18,Online-Shop
"Absolut enttäuschend! Das Produkt kam beschädigt an und der Kundenservice hat nicht auf meine Anfragen reagiert. Würde nicht wieder kaufen.",1,2025-01-19,Online-Shop
"Sehr schnelle Lieferung und das Produkt entspricht genau der Beschreibung. Bin sehr zufrieden!",5,2025-01-20,Online-Shop
"Der Kundenservice war ausgezeichnet! Sie haben mein Problem schnell und effizient gelöst. Das Produkt selbst ist auch sehr gut.",5,2025-01-21,Telefon
"Mittelmäßige Erfahrung. Das Produkt ist in Ordnung, aber die Lieferung hat länger gedauert als angegeben.",3,2025-01-22,Online-Shop
"Ich bin mit meinem Kauf zufrieden. Das Preis-Leistungs-Verhältnis ist gut und die Qualität entspricht meinen Erwartungen.",4,2025-01-23,Online-Shop
"Leider hat das Produkt nicht lange gehalten. Nach nur einem Monat ist es kaputt gegangen. Sehr enttäuschend.",2,2025-01-24,E-Mail
"Das Produkt ist fantastisch! Ich bin sehr zufrieden mit der Qualität und dem Preis. Würde es definitiv weiterempfehlen.",5,2025-01-25,Online-Shop
"Gute Qualität, aber etwas teuer für das, was man bekommt. Ansonsten bin ich zufrieden mit dem Kauf.",4,2025-01-26,Online-Shop
"Durchschnittliches Produkt, nichts Besonderes. Erfüllt seinen Zweck, aber es gibt bessere Alternativen auf dem Markt.",3,2025-01-27,Online-Shop
"Leider bin ich nicht sehr zufrieden. Die Qualität ist nicht so gut wie erwartet und der Kundenservice war auch nicht hilfreich.",2,2025-01-28,Online-Shop
"Absolut enttäuschend! Das Produkt kam beschädigt an und der Kundenservice hat nicht auf meine Anfragen reagiert. Würde nicht wieder kaufen.",1,2025-01-29,Online-Shop
"Sehr schnelle Lieferung und das Produkt entspricht genau der Beschreibung. Bin sehr zufrieden!",5,2025-01-30,Online-Shop
"Der Kundenservice war ausgezeichnet! Sie haben mein Problem schnell und effizient gelöst. Das Produkt selbst ist auch sehr gut.",5,2025-01-31,Telefon
"Mittelmäßige Erfahrung. Das Produkt ist in Ordnung, aber die Lieferung hat länger gedauert als angegeben.",3,2025-02-01,Online-Shop
"Ich bin mit meinem Kauf zufrieden. Das Preis-Leistungs-Verhältnis ist gut und die Qualität entspricht meinen Erwartungen.",4,2025-02-02,Online-Shop
"Leider hat das Produkt nicht lange gehalten. Nach nur einem Monat ist es kaputt gegangen. Sehr enttäuschend.",2,2025-02-03,E-Mail
"Das Produkt ist fantastisch! Ich bin sehr zufrieden mit der Qualität und dem Preis. Würde es definitiv weiterempfehlen.",5,2025-02-04,Online-Shop
"Gute Qualität, aber etwas teuer für das, was man bekommt. Ansonsten bin ich zufrieden mit dem Kauf.",4,2025-02-05,Online-Shop
"Durchschnittliches Produkt, nichts Besonderes. Erfüllt seinen Zweck, aber es gibt bessere Alternativen auf dem Markt.",3,2025-02-06,Online-Shop
"Leider bin ich nicht sehr zufrieden. Die Qualität ist nicht so gut wie erwartet und der Kundenservice war auch nicht hilfreich.",2,2025-02-07,Online-Shop
"Absolut enttäuschend! Das Produkt kam beschädigt an und der Kundenservice hat nicht auf meine Anfragen reagiert. Würde nicht wieder kaufen.",1,2025-02-08,Online-Shop
"Sehr schnelle Lieferung und das Produkt entspricht genau der Beschreibung. Bin sehr zufrieden!",5,2025-02-09,Online-Shop
"Der Kundenservice war ausgezeichnet! Sie haben mein Problem schnell und effizient gelöst. Das Produkt selbst ist auch sehr gut.",5,2025-02-10,Telefon
"Mittelmäßige Erfahrung. Das Produkt ist in Ordnung, aber die Lieferung hat länger gedauert als angegeben.",3,2025-02-11,Online-Shop
"Ich bin mit meinem Kauf zufrieden. Das Preis-Leistungs-Verhältnis ist gut und die Qualität entspricht meinen Erwartungen.",4,2025-02-12,Online-Shop
"Leider hat das Produkt nicht lange gehalten. Nach nur einem Monat ist es kaputt gegangen. Sehr enttäuschend.",2,2025-02-13,E-Mail
"Das Produkt ist fantastisch! Ich bin sehr zufrieden mit der Qualität und dem Preis. Würde es definitiv weiterempfehlen.",5,2025-02-14,Online-Shop
"Gute Qualität, aber etwas teuer für das, was man bekommt. Ansonsten bin ich zufrieden mit dem Kauf.",4,2025-02-15,Online-Shop
"Durchschnittliches Produkt, nichts Besonderes. Erfüllt seinen Zweck, aber es gibt bessere Alternativen auf dem Markt.",3,2025-02-16,Online-Shop
"Leider bin ich nicht sehr zufrieden. Die Qualität ist nicht so gut wie erwartet und der Kundenservice war auch nicht hilfreich.",2,2025-02-17,Online-Shop
"Absolut enttäuschend! Das Produkt kam beschädigt an und der Kundenservice hat nicht auf meine Anfragen reagiert. Würde nicht wieder kaufen.",1,2025-02-18,Online-Shop
"Sehr schnelle Lieferung und das Produkt entspricht genau der Beschreibung. Bin sehr zufrieden!",5,2025-02-19,Online-Shop
"Der Kundenservice war ausgezeichnet! Sie haben mein Problem schnell und effizient gelöst. Das Produkt selbst ist auch sehr gut.",5,2025-02-20,Telefon
"Mittelmäßige Erfahrung. Das Produkt ist in Ordnung, aber die Lieferung hat länger gedauert als angegeben.",3,2025-02-21,Online-Shop
"Ich bin mit meinem Kauf zufrieden. Das Preis-Leistungs-Verhältnis ist gut und die Qualität entspricht meinen Erwartungen.",4,2025-02-22,Online-Shop
"Leider hat das Produkt nicht lange gehalten. Nach nur einem Monat ist es kaputt gegangen. Sehr enttäuschend.",2,2025-02-23,E-Mail
"Das Produkt ist fantastisch! Ich bin sehr zufrieden mit der Qualität und dem Preis. Würde es definitiv weiterempfehlen.",5,2025-02-24,Online-Shop
"Gute Qualität, aber etwas teuer für das, was man bekommt. Ansonsten bin ich zufrieden mit dem Kauf.",4,2025-02-25,Online-Shop
"Durchschnittliches Produkt, nichts Besonderes. Erfüllt seinen Zweck, aber es gibt bessere Alternativen auf dem Markt.",3,2025-02-26,Online-Shop
"Leider bin ich nicht sehr zufrieden. Die Qualität ist nicht so gut wie erwartet und der Kundenservice war auch nicht hilfreich.",2,2025-02-27,Online-Shop
"Absolut enttäuschend! Das Produkt kam beschädigt an und der Kundenservice hat nicht auf meine Anfragen reagiert. Würde nicht wieder kaufen.",1,2025-02-28,Online-Shop
"Sehr schnelle Lieferung und das Produkt entspricht genau der Beschreibung. Bin sehr zufrieden!",5,2025-03-01,Online-Shop
"Der Kundenservice war ausgezeichnet! Sie haben mein Problem schnell und effizient gelöst. Das Produkt selbst ist auch sehr gut.",5,2025-03-02,Telefon
"Mittelmäßige Erfahrung. Das Produkt ist in Ordnung, aber die Lieferung hat länger gedauert als angegeben.",3,2025-03-03,Online-Shop
"Ich bin mit meinem Kauf zufrieden. Das Preis-Leistungs-Verhältnis ist gut und die Qualität entspricht meinen Erwartungen.",4,2025-03-04,Online-Shop
"Leider hat das Produkt nicht lange gehalten. Nach nur einem Monat ist es kaputt gegangen. Sehr enttäuschend.",2,2025-03-05,E-Mail
